Page,Broken Link,Section
https://www.utep.edu/engineering/student-resources/feedback.html,https://givingto.utep.edu/coeng,Navigation,Invalid URL
https://www.utep.edu/engineering/student-resources/feedback.html,http://alumni.utep.edu/,Navigation,Invalid URL
https://www.utep.edu/engineering/student-resources/feedback.html,https://www.utep.edu/engineering/student-resources/,Navigation,/engineering/student-resources
https://www.utep.edu/engineering/student-resources/feedback.html,https://www.utep.edu/student-affairs/dean-of-students-office/academic-support/grade-grievance.html,Main Content,https://www.utep.edu/student-affairs/dean-of-students-office/academic-support/grade-grievance.html
https://www.utep.edu/engineering/student-resources/feedback.html,http://sao.fraud.state.tx.us/,Footer,Invalid URL
https://www.utep.edu/engineering/student-resources/student-resources.html,https://www.utep.edu/engineering/research/research-centers.html,Navigation,../research/research-centers.html
https://www.utep.edu/engineering/student-resources/student-resources.html,https://www.utep.edu/engineering/student-resources/student-resources-advising.html,Navigation,student-resources-advising.html
https://www.utep.edu/engineering/student-resources/student-resources.html,https://www.utep.edu/engineering/academic-programs/k12-outreach/k12-outreach.html,Navigation,../academic-programs/k12-outreach/k12-outreach.html
https://www.utep.edu/engineering/student-resources/student-resources.html,https://www.utep.edu/engineering/academic-programs/k12-outreach/ambassadors.html,Navigation,../academic-programs/k12-outreach/ambassadors.html
https://www.utep.edu/engineering/student-resources/student-resources.html,https://www.utep.edu/engineering/academic-programs/k12-outreach/aspiration-in-computing.html,Navigation,../academic-programs/k12-outreach/aspiration-in-computing.html
https://www.utep.edu/engineering/student-resources/student-resources.html,https://www.utep.edu/engineering/academic-programs/k12-outreach/e-week.html,Navigation,../academic-programs/k12-outreach/e-week.html
https://www.utep.edu/engineering/student-resources/student-resources.html,https://www.utep.edu/engineering/academic-programs/k12-outreach/excites.html,Navigation,../academic-programs/k12-outreach/excites.html
https://www.utep.edu/engineering/student-resources/student-resources.html,https://www.utep.edu/engineering/academic-programs/k12-outreach/more-outreach.html,Navigation,../academic-programs/k12-outreach/more-outreach.html
https://www.utep.edu/engineering/student-resources/student-resources.html,https://www.utep.edu/engineering/academic-programs/k12-outreach/nexus.html,Navigation,../academic-programs/k12-outreach/nexus.html
https://www.utep.edu/engineering/student-resources/student-resources.html,https://www.utep.edu/engineering/academic-programs/k12-outreach/robotics.html,Navigation,../academic-programs/k12-outreach/robotics.html
https://www.utep.edu/engineering/student-resources/student-resources.html,https://www.utep.edu/engineering/alumni/membership-levels.html,Navigation,../alumni/membership-levels.html
https://www.utep.edu/engineering/student-resources/student-resources.html,https://givingto.utep.edu/coeng,Navigation,Invalid URL
https://www.utep.edu/engineering/student-resources/student-resources.html,http://alumni.utep.edu/,Navigation,Invalid URL
https://www.utep.edu/engineering/student-resources/student-resources.html,https://www.utep.edu/engineering/student-resources/,Navigation,/engineering/student-resources
https://www.utep.edu/engineering/student-resources/student-resources.html,http://www.ll.mit.edu/college/summerprogram.html.,Main Content,http://www.ll.mit.edu/college/summerprogram.html.
https://www.utep.edu/engineering/student-resources/student-resources.html,http://sa.utep.edu/careers/employers-on-campus,Main Content,http://sa.utep.edu/careers/employers-on-campus
https://www.utep.edu/engineering/student-resources/student-resources.html,https://www.utsystem.edu/seekut/Terms.htm,Main Content,http://www.utsystem.edu/seekut/Terms.htm
https://www.utep.edu/engineering/student-resources/student-resources.html,http://sa.utep.edu/careers/students/sample-documents,Main Content,http://sa.utep.edu/careers/students/sample-documents
https://www.utep.edu/engineering/student-resources/student-resources.html,https://www.utep.edu/engineering/student-resources/student-employment,Main Content,/engineering/student-resources/student-employment
https://www.utep.edu/engineering/student-resources/student-resources.html,http://science.utep.edu/nsf-prem/,Main Content,Invalid URL
https://www.utep.edu/engineering/student-resources/student-resources.html,http://etc.utep.edu/index.htm,Main Content,http://etc.utep.edu/index.htm
https://www.utep.edu/engineering/student-resources/student-resources.html,https://www.utep.edu/engineering/student-resources/student-resources-advising-orientation.html,Navigation,student-resources-advising-orientation.html
https://www.utep.edu/engineering/student-resources/student-resources.html,https://www.utep.edu/engineering/student-resources/student-resources-ug-admissions-faqs.html,Navigation,student-resources-ug-admissions-faqs.html
https://www.utep.edu/engineering/student-resources/student-resources.html,https://www.utep.edu/engineering/student-resources/student-resources-tutoring.html,Navigation,student-resources-tutoring.html
https://www.utep.edu/engineering/student-resources/student-resources.html,http://sao.fraud.state.tx.us/,Footer,Invalid URL
